id_cliente,endereco,cidade,estado,cep,id_pedido,valor_pedido,tipo_pagamento,etapa_pagamento
1,Rua E Nº 550,Rio de Janeiro,MG,79964-59,1001,378.15,1,5
2,Travessa D Nº 159,Salvador,RS,44519-675,1002,636.65,1,4
3,Rua E Nº 975,São Paulo,RS,56060-882,1003,177.2,2,3
4,Avenida B Nº 375,Rio de Janeiro,RS,69180-566,1004,768.83,3,1
5,Avenida B Nº 354,Contagem,BA,15204-908,1005,541.68,2,1
6,Avenida B Nº 819,São Gonçalo,BA,19689-127,1006,992.35,2,2
7,Avenida B Nº 927,Salvador,RS,61661-36,1007,726.69,1,3
8,Rua E Nº 925,São Paulo,MG,97772-561,1008,264.62,1,1
9,Travessa D Nº 903,Contagem,RS,84142-709,1009,70.3,2,4
10,Avenida B Nº 566,Guarulhos,BA,52138-677,1010,803.99,2,3
11,Travessa D Nº 267,Guarulhos,BA,70464-872,1011,943.97,1,5
12,Alameda C Nº 362,São Paulo,RJ,49268-193,1012,647.78,3,1
13,Rua E Nº 567,São Gonçalo,RJ,90708-334,1013,83.26,3,3
14,Avenida B Nº 382,Caxias do Sul,SP,29932-421,1014,131.09,2,1
15,Rua A Nº 246,Caxias do Sul,SP,24791-982,1015,877.46,2,4
16,Rua E Nº 724,Niterói,RJ,39096-808,1016,615.31,3,3
17,Rua E Nº 476,Contagem,BA,94065-91,1017,64.21,1,5
18,Rua E Nº 270,Caxias do Sul,RS,16208-166,1018,688.34,1,5
19,Rua E Nº 713,São Gonçalo,MG,84788-170,1019,477.29,1,2
20,Alameda C Nº 860,Niterói,RS,70344-179,1020,223.09,1,5
21,Avenida B Nº 906,Campinas,RS,11097-698,1021,27.23,1,1
22,Rua A Nº 609,Porto Alegre,BA,77561-804,1022,303.44,1,5
23,Avenida B Nº 666,Guarulhos,SP,57582-464,1023,252.92,3,4
24,Rua A Nº 652,Rio de Janeiro,RS,74583-691,1024,817.57,2,4
25,Rua E Nº 145,Uberlândia,MG,22743-94,1025,583.39,1,1
26,Travessa D Nº 125,Caxias do Sul,BA,97746-95,1026,201.39,2,3
27,Avenida B Nº 56,Caxias do Sul,MG,76278-106,1027,161.56,1,4
28,Avenida B Nº 199,Niterói,MG,42491-535,1028,826.12,1,5
29,Alameda C Nº 148,São Gonçalo,RS,10280-42,1029,498.67,1,4
30,Rua E Nº 14,São Gonçalo,BA,89292-179,1030,944.28,3,2
31,Rua E Nº 556,Canoas,SP,33719-538,1031,26.1,3,3
32,Travessa D Nº 372,Canoas,MG,84608-709,1032,949.69,2,4
33,Travessa D Nº 479,Canoas,SP,97089-338,1033,882.26,1,3
34,Rua E Nº 331,Vitória da Conquista,MG,80398-963,1034,576.09,1,2
35,Avenida B Nº 305,Feira de Santana,BA,26911-197,1035,228.21,2,3
36,Avenida B Nº 346,Porto Alegre,SP,13801-477,1036,516.15,1,5
37,Travessa D Nº 180,Vitória da Conquista,RS,60852-369,1037,413.0,2,2
38,Alameda C Nº 563,Niterói,MG,97966-248,1038,191.33,1,1
39,Alameda C Nº 76,Contagem,RJ,59274-208,1039,727.33,1,5
40,Avenida B Nº 616,São Paulo,RJ,39907-367,1040,764.87,3,3
41,Alameda C Nº 662,São Gonçalo,SP,94401-305,1041,261.42,1,4
42,Avenida B Nº 258,Uberlândia,RJ,80560-648,1042,364.12,1,4
43,Alameda C Nº 569,Guarulhos,RS,69554-657,1043,787.85,1,3
44,Avenida B Nº 840,Uberlândia,MG,51639-721,1044,213.34,1,3
45,Rua E Nº 440,Rio de Janeiro,MG,45755-859,1045,645.62,2,3
46,Rua E Nº 796,Contagem,RS,38052-936,1046,336.44,1,4
47,Travessa D Nº 471,Vitória da Conquista,RJ,21987-628,1047,373.51,1,4
48,Rua A Nº 307,Porto Alegre,SP,90710-751,1048,791.6,1,3
49,Rua E Nº 956,Rio de Janeiro,SP,81785-299,1049,515.9,1,5
50,Alameda C Nº 806,São Gonçalo,RS,82919-657,1050,482.92,2,4
51,Alameda C Nº 340,Campinas,MG,36414-8,1051,892.65,1,5
52,Alameda C Nº 679,São Gonçalo,RJ,86178-953,1052,575.38,2,2
53,Alameda C Nº 627,Contagem,MG,54736-484,1053,548.93,1,3
54,Alameda C Nº 204,Guarulhos,SP,76481-81,1054,303.87,1,4
55,Alameda C Nº 366,Porto Alegre,BA,90757-965,1055,643.91,1,4
56,Rua E Nº 915,Contagem,SP,31212-966,1056,122.76,2,3
57,Avenida B Nº 43,Caxias do Sul,MG,38578-110,1057,624.56,1,5
58,Rua A Nº 481,Caxias do Sul,MG,30771-267,1058,421.07,1,3
59,Travessa D Nº 909,São Gonçalo,RJ,36670-979,1059,515.39,1,5
60,Travessa D Nº 391,Caxias do Sul,MG,96794-476,1060,208.58,2,3
61,Travessa D Nº 416,Contagem,RS,86588-672,1061,839.81,3,3
62,Avenida B Nº 182,Contagem,RS,68616-89,1062,497.89,1,4
63,Rua E Nº 962,Campinas,MG,75847-515,1063,645.9,2,4
64,Rua E Nº 961,Campinas,RJ,82221-192,1064,870.48,1,2
65,Rua A Nº 799,Canoas,RS,18128-962,1065,921.29,1,3
66,Avenida B Nº 810,Rio de Janeiro,MG,62538-81,1066,240.58,3,4
67,Rua E Nº 832,Uberlândia,RS,65958-458,1067,900.2,1,3
68,Avenida B Nº 262,Caxias do Sul,RS,50503-468,1068,440.99,2,3
69,Alameda C Nº 725,Contagem,RJ,68612-10,1069,28.4,3,3
70,Travessa D Nº 267,Belo Horizonte,RJ,60712-324,1070,479.81,2,2
71,Travessa D Nº 649,Guarulhos,RJ,45248-408,1071,792.05,1,1
72,Travessa D Nº 845,Canoas,SP,62057-491,1072,475.56,1,5
73,Rua A Nº 891,Porto Alegre,MG,57965-27,1073,142.21,1,5
74,Travessa D Nº 820,Guarulhos,RS,60015-545,1074,846.35,2,1
75,Avenida B Nº 489,Feira de Santana,RS,86580-232,1075,715.31,3,1
76,Alameda C Nº 967,Contagem,BA,36208-955,1076,494.38,2,3
77,Rua A Nº 632,Uberlândia,SP,30759-769,1077,95.93,2,4
78,Rua A Nº 766,Feira de Santana,RS,69835-821,1078,58.16,2,3
79,Alameda C Nº 146,Campinas,SP,78251-829,1079,970.4,2,4
80,Avenida B Nº 793,Guarulhos,SP,27744-59,1080,623.78,1,2
81,Travessa D Nº 133,Porto Alegre,BA,20949-521,1081,795.29,2,4
82,Avenida B Nº 808,Porto Alegre,MG,41329-603,1082,141.63,2,4
83,Travessa D Nº 352,Belo Horizonte,BA,13413-489,1083,528.21,1,5
84,Avenida B Nº 591,Guarulhos,BA,95513-824,1084,695.91,3,3
85,Rua A Nº 862,Caxias do Sul,SP,36383-29,1085,204.92,1,2
86,Avenida B Nº 994,São Paulo,RJ,15836-991,1086,117.93,3,4
87,Alameda C Nº 767,Rio de Janeiro,BA,83638-525,1087,547.89,1,4
88,Rua E Nº 831,Uberlândia,MG,17876-241,1088,151.03,1,4
89,Rua A Nº 802,Salvador,BA,81218-427,1089,885.97,1,4
90,Travessa D Nº 718,Niterói,RS,10772-218,1090,642.59,1,4
91,Travessa D Nº 761,Niterói,MG,88254-865,1091,884.79,1,4
92,Avenida B Nº 488,Rio de Janeiro,MG,53240-448,1092,138.76,1,3
93,Alameda C Nº 708,Guarulhos,RJ,35831-108,1093,813.18,1,3
94,Rua E Nº 512,Caxias do Sul,BA,11858-362,1094,833.48,2,4
95,Rua A Nº 537,Guarulhos,RJ,41041-815,1095,452.29,1,1
96,Rua A Nº 323,Rio de Janeiro,RS,75340-684,1096,199.94,1,3
97,Rua E Nº 460,São Gonçalo,RJ,31313-661,1097,852.42,3,1
98,Avenida B Nº 430,Rio de Janeiro,MG,10919-16,1098,389.4,2,2
99,Avenida B Nº 291,Caxias do Sul,SP,33725-61,1099,55.02,1,3
100,Travessa D Nº 117,Uberlândia,BA,70839-467,1100,244.48,1,3
101,Alameda C Nº 395,Belo Horizonte,MG,70030-219,1101,183.51,1,4
102,Alameda C Nº 386,Niterói,MG,99533-714,1102,227.17,1,2
103,Alameda C Nº 343,Guarulhos,RS,86613-823,1103,687.77,1,3
104,Rua A Nº 492,Niterói,RS,62898-386,1104,203.61,3,4
105,Travessa D Nº 282,Salvador,RS,30143-501,1105,882.18,1,2
106,Avenida B Nº 394,Guarulhos,SP,77074-325,1106,356.33,3,2
107,Travessa D Nº 505,São Paulo,RS,45052-460,1107,34.71,1,5
108,Travessa D Nº 120,Porto Alegre,MG,11816-905,1108,784.57,3,4
109,Rua A Nº 264,Campinas,SP,63393-739,1109,990.03,2,1
110,Avenida B Nº 419,São Gonçalo,RS,29981-928,1110,181.97,3,3
111,Avenida B Nº 151,Caxias do Sul,BA,76196-846,1111,715.39,3,3
112,Rua E Nº 954,Contagem,MG,39436-846,1112,299.28,1,2
113,Rua A Nº 337,Rio de Janeiro,RJ,46506-253,1113,289.27,3,4
114,Travessa D Nº 879,Uberlândia,SP,95643-567,1114,428.69,1,4
115,Rua E Nº 468,São Gonçalo,BA,41877-486,1115,693.46,2,3
116,Rua A Nº 613,Belo Horizonte,MG,86892-945,1116,610.63,2,1
117,Travessa D Nº 492,Belo Horizonte,BA,70837-817,1117,654.9,1,3
118,Alameda C Nº 710,Salvador,MG,63882-6,1118,965.21,3,3
119,Travessa D Nº 747,Feira de Santana,RS,52081-265,1119,765.85,3,4
120,Travessa D Nº 403,Campinas,RJ,11998-987,1120,754.69,1,4
121,Alameda C Nº 328,Canoas,BA,20105-222,1121,462.6,1,3
122,Rua E Nº 738,Guarulhos,RJ,49302-688,1122,143.25,1,5
123,Rua E Nº 852,Niterói,RS,74489-699,1123,876.05,2,2
124,Travessa D Nº 588,Porto Alegre,RJ,79065-777,1124,240.82,2,3
125,Alameda C Nº 700,Canoas,SP,10487-282,1125,565.88,1,5
126,Rua E Nº 890,Canoas,MG,18723-120,1126,574.28,2,1
127,Alameda C Nº 553,Belo Horizonte,BA,88927-432,1127,293.31,1,5
128,Travessa D Nº 865,Caxias do Sul,RS,83130-442,1128,750.34,1,5
129,Travessa D Nº 229,Caxias do Sul,SP,42370-539,1129,821.89,1,4
130,Avenida B Nº 674,Caxias do Sul,BA,85041-304,1130,402.62,1,5
131,Rua E Nº 616,Rio de Janeiro,RJ,10885-286,1131,768.73,2,2
132,Travessa D Nº 279,Contagem,SP,68515-506,1132,924.27,1,1
133,Avenida B Nº 983,Niterói,MG,21452-867,1133,34.37,1,3
134,Rua A Nº 952,Caxias do Sul,SP,93859-302,1134,99.65,1,5
135,Travessa D Nº 875,Belo Horizonte,SP,71872-182,1135,744.59,2,4
136,Alameda C Nº 406,Belo Horizonte,MG,30367-939,1136,131.68,1,3
137,Rua A Nº 54,Canoas,SP,19633-786,1137,261.0,1,4
138,Alameda C Nº 304,Porto Alegre,MG,34133-30,1138,514.91,1,3
139,Travessa D Nº 478,Belo Horizonte,SP,34452-468,1139,750.34,2,2
140,Avenida B Nº 685,Contagem,RS,84726-927,1140,710.3,1,5
141,Alameda C Nº 987,Belo Horizonte,RS,99702-856,1141,843.27,1,5
142,Alameda C Nº 88,Salvador,RS,14432-492,1142,677.68,1,3
143,Alameda C Nº 192,Uberlândia,RS,74697-567,1143,320.81,1,2
144,Travessa D Nº 837,Caxias do Sul,SP,49153-407,1144,263.56,2,4
145,Rua E Nº 610,São Gonçalo,RJ,51408-503,1145,87.17,1,5
146,Travessa D Nº 397,São Gonçalo,RJ,72418-964,1146,700.12,1,5
147,Avenida B Nº 884,Caxias do Sul,RS,44383-101,1147,477.02,1,3
148,Alameda C Nº 82,Niterói,RS,99811-897,1148,154.37,3,4
149,Rua A Nº 966,Contagem,BA,76935-42,1149,447.03,1,3
150,Rua E Nº 782,São Gonçalo,BA,69015-183,1150,857.71,1,4
151,Alameda C Nº 795,Feira de Santana,MG,85942-254,1151,68.0,1,5
152,Avenida B Nº 852,Caxias do Sul,RS,43286-750,1152,786.55,1,5
153,Travessa D Nº 492,Salvador,RJ,93171-827,1153,481.87,2,3
154,Avenida B Nº 532,Porto Alegre,MG,50832-423,1154,41.69,1,3
155,Alameda C Nº 517,Rio de Janeiro,BA,32423-705,1155,257.7,1,5
156,Travessa D Nº 268,Vitória da Conquista,RS,37386-32,1156,894.6,1,4
157,Rua E Nº 858,São Gonçalo,SP,82530-877,1157,278.25,2,4
158,Avenida B Nº 930,Niterói,SP,56516-187,1158,924.15,1,3
159,Alameda C Nº 881,Contagem,RS,10216-277,1159,356.16,1,3
160,Rua A Nº 354,Feira de Santana,RJ,34442-214,1160,319.27,1,4
161,Alameda C Nº 136,Porto Alegre,MG,36899-943,1161,438.31,1,3
162,Avenida B Nº 481,Guarulhos,RS,35643-993,1162,593.2,1,1
163,Rua A Nº 478,Vitória da Conquista,SP,31013-534,1163,471.67,1,3
164,Rua A Nº 792,São Gonçalo,SP,99634-868,1164,426.7,1,5
165,Travessa D Nº 495,Canoas,RJ,81651-116,1165,433.72,1,4
166,Rua A Nº 288,Uberlândia,BA,91186-952,1166,790.55,1,3
167,Rua E Nº 736,Vitória da Conquista,MG,13644-724,1167,106.79,1,3
168,Rua A Nº 795,Contagem,RJ,66972-251,1168,532.76,1,2
169,Rua A Nº 513,Rio de Janeiro,MG,79049-38,1169,185.49,2,4
170,Travessa D Nº 541,Guarulhos,MG,19871-454,1170,801.73,1,4
171,Rua A Nº 728,Salvador,RS,18433-870,1171,861.2,2,1
172,Rua E Nº 354,Guarulhos,RJ,51507-900,1172,327.35,2,3
173,Rua A Nº 452,Rio de Janeiro,MG,34064-897,1173,447.52,2,2
174,Avenida B Nº 302,Niterói,MG,12870-524,1174,780.02,2,3
175,Avenida B Nº 894,Contagem,SP,64870-123,1175,93.13,1,2
176,Alameda C Nº 501,Porto Alegre,RJ,82802-567,1176,492.95,1,3
177,Rua A Nº 537,Caxias do Sul,RJ,89270-657,1177,879.92,1,3
178,Rua E Nº 102,Salvador,SP,52123-740,1178,601.04,1,5
179,Avenida B Nº 145,Campinas,MG,51366-954,1179,396.21,3,4
180,Alameda C Nº 885,São Gonçalo,RS,68169-47,1180,648.92,3,4
181,Rua E Nº 200,Belo Horizonte,MG,93641-502,1181,931.05,1,4
182,Rua A Nº 326,Campinas,RS,91979-813,1182,894.19,2,4
183,Alameda C Nº 858,Contagem,SP,93870-71,1183,63.26,2,3
184,Rua E Nº 355,Caxias do Sul,RJ,88266-962,1184,906.35,1,3
185,Rua E Nº 986,Canoas,RS,84326-104,1185,455.79,1,3
186,Rua E Nº 301,Caxias do Sul,SP,10147-974,1186,605.62,1,3
187,Rua A Nº 747,Guarulhos,BA,85356-540,1187,210.89,2,1
188,Alameda C Nº 55,Caxias do Sul,RJ,56364-501,1188,799.67,1,1
189,Alameda C Nº 617,Uberlândia,RJ,30094-837,1189,653.47,1,4
190,Avenida B Nº 60,Campinas,RJ,72401-155,1190,157.33,1,5
191,Alameda C Nº 203,Salvador,RS,48258-155,1191,984.67,3,3
192,Travessa D Nº 26,Guarulhos,SP,65046-966,1192,315.59,1,2
193,Alameda C Nº 18,Contagem,MG,62544-312,1193,714.16,2,3
194,Rua A Nº 24,Niterói,SP,46076-734,1194,750.78,2,4
195,Avenida B Nº 106,Niterói,BA,30570-530,1195,203.51,1,3
196,Avenida B Nº 252,Rio de Janeiro,MG,24412-904,1196,372.2,2,4
197,Avenida B Nº 303,Feira de Santana,BA,41849-258,1197,769.22,1,4
198,Rua E Nº 911,Niterói,SP,59181-420,1198,229.47,3,3
199,Avenida B Nº 623,Vitória da Conquista,SP,60639-922,1199,280.75,2,1
200,Rua A Nº 612,Canoas,RS,88789-418,1200,754.15,1,2
201,Rua A Nº 306,Porto Alegre,RJ,72489-224,1201,915.85,3,3
202,Alameda C Nº 38,Campinas,RS,78682-91,1202,198.42,1,3
203,Avenida B Nº 210,Canoas,RJ,94442-739,1203,573.29,1,3
204,Rua A Nº 325,Campinas,SP,98543-363,1204,286.99,1,4
205,Rua A Nº 551,Rio de Janeiro,RJ,93097-205,1205,659.69,2,4
206,Alameda C Nº 372,Contagem,RS,14959-688,1206,24.56,2,1
207,Rua E Nº 892,Rio de Janeiro,BA,86862-428,1207,519.34,1,1
208,Alameda C Nº 373,Campinas,MG,39090-619,1208,188.3,1,1
209,Alameda C Nº 115,Contagem,RS,33137-315,1209,886.66,2,4
210,Alameda C Nº 736,Campinas,BA,85885-648,1210,930.85,1,5
211,Travessa D Nº 425,Salvador,BA,78335-579,1211,780.14,2,4
212,Alameda C Nº 620,Campinas,SP,94817-446,1212,181.14,1,3
213,Rua A Nº 855,Salvador,RJ,24232-154,1213,280.88,1,2
214,Rua E Nº 116,Belo Horizonte,RJ,54659-153,1214,123.85,1,3
215,Rua A Nº 240,Caxias do Sul,RS,24789-998,1215,855.32,1,4
216,Rua E Nº 702,Canoas,RS,17996-897,1216,794.09,3,1
217,Rua E Nº 55,Guarulhos,SP,80622-237,1217,45.46,1,5
218,Travessa D Nº 295,Guarulhos,MG,33256-455,1218,509.9,2,4
219,Rua A Nº 659,São Paulo,RJ,40139-417,1219,884.05,2,3
220,Rua A Nº 160,Campinas,MG,23279-625,1220,433.52,1,3
221,Rua E Nº 53,Caxias do Sul,RJ,59395-948,1221,126.37,1,3
222,Travessa D Nº 767,Guarulhos,BA,66617-267,1222,878.57,1,1
223,Alameda C Nº 342,São Paulo,SP,30423-47,1223,468.68,1,4
224,Rua A Nº 36,Campinas,BA,85255-617,1224,926.92,1,3
225,Avenida B Nº 17,Caxias do Sul,MG,66422-791,1225,119.34,1,4
226,Travessa D Nº 470,Niterói,SP,33362-337,1226,172.82,1,5
227,Rua E Nº 758,São Paulo,MG,15629-94,1227,474.53,3,3
228,Avenida B Nº 555,São Gonçalo,BA,23977-418,1228,740.59,2,3
229,Rua A Nº 792,São Gonçalo,RS,12524-79,1229,106.58,1,2
230,Avenida B Nº 875,Guarulhos,RJ,42262-630,1230,218.51,1,3
231,Alameda C Nº 207,Porto Alegre,RJ,77132-529,1231,132.56,1,4
232,Rua A Nº 486,Contagem,RJ,72716-89,1232,254.25,1,2
233,Travessa D Nº 270,Caxias do Sul,MG,63599-727,1233,625.96,1,5
234,Avenida B Nº 437,São Gonçalo,SP,69972-621,1234,63.2,2,3
235,Avenida B Nº 886,Campinas,BA,99438-644,1235,921.34,1,5
236,Alameda C Nº 555,Belo Horizonte,RS,87962-289,1236,760.16,1,2
237,Avenida B Nº 599,Campinas,MG,52848-470,1237,568.97,3,4
238,Rua A Nº 488,Vitória da Conquista,MG,85886-111,1238,382.33,1,2
239,Travessa D Nº 42,São Paulo,RS,91791-9,1239,396.11,3,3
240,Alameda C Nº 578,Porto Alegre,RJ,90383-19,1240,678.19,1,1
241,Travessa D Nº 532,Guarulhos,BA,11242-976,1241,415.34,1,1
242,Alameda C Nº 356,Caxias do Sul,RS,79016-257,1242,897.8,1,2
243,Travessa D Nº 275,São Paulo,MG,78487-533,1243,153.36,1,4
244,Alameda C Nº 379,Porto Alegre,SP,34913-483,1244,709.18,3,4
245,Avenida B Nº 422,Niterói,RJ,67962-736,1245,601.75,2,3
246,Avenida B Nº 693,Uberlândia,BA,88155-114,1246,259.04,1,2
247,Rua A Nº 205,Vitória da Conquista,MG,58311-250,1247,520.67,1,2
248,Travessa D Nº 229,Caxias do Sul,MG,41170-896,1248,605.81,1,3
249,Travessa D Nº 147,Vitória da Conquista,RS,33761-986,1249,570.45,3,2
250,Avenida B Nº 636,Caxias do Sul,RJ,67299-454,1250,901.53,3,3
251,Alameda C Nº 162,Rio de Janeiro,RS,39021-206,1251,419.2,1,3
252,Travessa D Nº 345,Rio de Janeiro,RS,81419-651,1252,954.43,2,3
253,Alameda C Nº 35,Rio de Janeiro,MG,27668-727,1253,843.48,2,4
254,Rua A Nº 68,São Paulo,SP,28942-866,1254,278.83,2,3
255,Rua A Nº 614,Canoas,RS,14957-902,1255,490.38,1,2
256,Travessa D Nº 830,Vitória da Conquista,RJ,20822-148,1256,304.94,2,4
257,Alameda C Nº 745,Caxias do Sul,BA,59105-207,1257,676.08,3,1
258,Rua A Nº 912,Caxias do Sul,SP,95297-95,1258,250.23,1,2
259,Rua A Nº 337,Campinas,MG,86766-282,1259,540.54,2,3
260,Travessa D Nº 991,Rio de Janeiro,RJ,80110-128,1260,96.06,1,4
261,Rua E Nº 333,Contagem,RJ,57870-854,1261,502.27,1,4
262,Avenida B Nº 269,Porto Alegre,RJ,57287-243,1262,238.17,3,3
263,Rua E Nº 679,São Gonçalo,RJ,95288-279,1263,580.32,1,5
264,Travessa D Nº 599,Campinas,RS,26855-920,1264,954.34,3,3
265,Travessa D Nº 796,Uberlândia,RJ,86610-809,1265,893.4,1,1
266,Alameda C Nº 460,Salvador,RJ,74362-603,1266,442.1,1,3
267,Rua A Nº 296,Rio de Janeiro,RJ,31924-661,1267,902.77,3,4
268,Alameda C Nº 937,Rio de Janeiro,RS,47994-739,1268,800.25,1,5
269,Alameda C Nº 279,São Gonçalo,RJ,52595-992,1269,350.34,1,2
270,Travessa D Nº 179,Porto Alegre,SP,49086-875,1270,522.17,1,3
271,Rua E Nº 453,Contagem,MG,77224-893,1271,847.67,1,5
272,Rua A Nº 650,Salvador,MG,83291-991,1272,582.14,2,3
273,Alameda C Nº 621,Contagem,RS,15285-839,1273,702.02,2,3
274,Travessa D Nº 335,Feira de Santana,SP,44748-6,1274,477.2,3,4
275,Travessa D Nº 127,Feira de Santana,RJ,98129-16,1275,155.26,1,2
276,Travessa D Nº 307,Campinas,RJ,61557-18,1276,186.81,3,3
277,Rua E Nº 692,Campinas,BA,68974-882,1277,248.33,3,4
278,Avenida B Nº 838,São Paulo,RJ,49538-716,1278,85.82,3,4
279,Alameda C Nº 587,Vitória da Conquista,MG,59643-377,1279,524.89,1,2
280,Alameda C Nº 637,Salvador,RJ,52890-24,1280,583.84,1,3
281,Travessa D Nº 978,Feira de Santana,SP,81334-212,1281,93.88,1,3
282,Rua A Nº 653,Feira de Santana,RJ,24356-415,1282,592.86,1,3
283,Alameda C Nº 98,Canoas,RJ,31723-590,1283,865.17,2,4
284,Rua E Nº 155,Belo Horizonte,MG,78287-559,1284,618.52,1,5
285,Avenida B Nº 566,Vitória da Conquista,MG,69481-176,1285,609.99,3,3
286,Travessa D Nº 661,Vitória da Conquista,BA,38649-802,1286,997.63,3,3
287,Travessa D Nº 766,Vitória da Conquista,RJ,12080-865,1287,285.17,1,5
288,Travessa D Nº 445,Niterói,RJ,32325-621,1288,974.26,2,1
289,Travessa D Nº 806,Guarulhos,RJ,68271-973,1289,820.02,1,3
290,Travessa D Nº 676,Rio de Janeiro,MG,81924-526,1290,297.24,1,2
291,Travessa D Nº 50,Rio de Janeiro,RS,69022-688,1291,181.91,1,5
292,Travessa D Nº 493,Vitória da Conquista,MG,96205-510,1292,316.03,2,4
293,Travessa D Nº 232,Caxias do Sul,RS,58280-560,1293,711.21,2,3
294,Rua A Nº 715,Porto Alegre,RS,60472-615,1294,410.35,1,3
295,Rua E Nº 321,São Gonçalo,BA,90156-816,1295,185.16,1,3
296,Rua E Nº 934,Rio de Janeiro,RS,91231-540,1296,758.29,2,4
297,Alameda C Nº 738,Vitória da Conquista,RJ,19906-944,1297,168.88,2,3
298,Alameda C Nº 279,Feira de Santana,SP,31699-145,1298,554.77,1,3
299,Alameda C Nº 453,Contagem,RS,80163-135,1299,728.84,1,5
300,Rua A Nº 116,Rio de Janeiro,RS,58208-427,1300,240.95,2,2
301,Avenida B Nº 758,Uberlândia,MG,35630-563,1301,553.6,1,3
302,Rua E Nº 288,Guarulhos,MG,86546-30,1302,556.51,2,4
303,Rua E Nº 805,Rio de Janeiro,RJ,89288-9,1303,240.66,3,4
304,Alameda C Nº 489,Feira de Santana,MG,17433-124,1304,154.49,1,1
305,Alameda C Nº 847,Porto Alegre,SP,35212-551,1305,949.92,1,3
306,Travessa D Nº 977,São Paulo,RS,28830-887,1306,211.42,1,3
307,Travessa D Nº 113,Porto Alegre,SP,11603-892,1307,533.93,1,3
308,Alameda C Nº 55,Niterói,RJ,96903-506,1308,370.0,1,5
309,Rua A Nº 746,Rio de Janeiro,RJ,10507-503,1309,538.89,2,3
310,Alameda C Nº 56,São Paulo,MG,85501-321,1310,138.36,1,3
311,Avenida B Nº 602,Contagem,MG,38509-404,1311,879.63,1,2
312,Alameda C Nº 58,Porto Alegre,RJ,45995-192,1312,263.82,1,3
313,Rua E Nº 390,Vitória da Conquista,RS,16421-461,1313,344.5,1,5
314,Rua E Nº 489,Porto Alegre,RS,68325-99,1314,186.58,1,5
315,Rua E Nº 372,São Gonçalo,MG,79900-317,1315,641.33,1,3
316,Rua A Nº 412,Belo Horizonte,RS,49405-724,1316,218.39,1,3
317,Rua A Nº 865,Guarulhos,MG,62608-144,1317,988.2,1,3
318,Avenida B Nº 536,Belo Horizonte,SP,13245-534,1318,143.79,1,3
319,Rua A Nº 974,Canoas,RJ,37801-291,1319,182.97,1,4
320,Travessa D Nº 203,Salvador,BA,29002-548,1320,470.73,3,1
321,Rua A Nº 380,Porto Alegre,BA,14243-384,1321,15.6,1,1
322,Avenida B Nº 182,Caxias do Sul,SP,42038-400,1322,850.09,1,4
323,Avenida B Nº 766,Belo Horizonte,RS,62458-950,1323,894.21,3,3
324,Alameda C Nº 570,Vitória da Conquista,RJ,66134-725,1324,217.72,1,2
325,Rua E Nº 849,Guarulhos,RJ,80390-599,1325,972.13,1,1
326,Rua E Nº 652,Porto Alegre,MG,35400-699,1326,942.07,1,3
327,Avenida B Nº 285,Feira de Santana,BA,86464-968,1327,905.88,2,4
328,Rua E Nº 143,Feira de Santana,BA,58908-263,1328,653.73,1,2
329,Rua E Nº 730,Salvador,MG,76514-472,1329,399.2,1,3
330,Rua A Nº 381,Niterói,RS,56897-388,1330,689.63,1,5
331,Alameda C Nº 17,São Paulo,SP,85628-688,1331,640.75,3,3
332,Alameda C Nº 162,Uberlândia,RJ,75102-708,1332,742.69,3,3
333,Alameda C Nº 806,Rio de Janeiro,RJ,89523-97,1333,633.69,2,4
334,Alameda C Nº 16,Contagem,BA,81555-781,1334,879.51,1,2
335,Rua A Nº 644,Uberlândia,BA,54325-648,1335,381.66,1,5
336,Avenida B Nº 398,São Gonçalo,MG,70142-651,1336,873.73,1,4
337,Rua E Nº 269,Rio de Janeiro,RJ,79090-375,1337,573.43,1,5
338,Alameda C Nº 274,Uberlândia,MG,20760-328,1338,667.79,1,2
339,Alameda C Nº 969,Vitória da Conquista,RJ,58852-870,1339,232.59,1,4
340,Travessa D Nº 889,Niterói,MG,66776-433,1340,774.02,1,3
341,Alameda C Nº 236,São Gonçalo,BA,55611-58,1341,916.33,1,5
342,Rua E Nº 684,Canoas,RS,25482-266,1342,398.47,1,5
343,Rua E Nº 837,Guarulhos,SP,81236-582,1343,806.82,2,4
344,Avenida B Nº 275,Vitória da Conquista,SP,98315-144,1344,955.98,1,5
345,Rua E Nº 102,Guarulhos,RS,83126-800,1345,288.96,3,4
346,Rua A Nº 237,Porto Alegre,BA,33206-855,1346,929.75,1,3
347,Alameda C Nº 717,Caxias do Sul,RJ,59436-237,1347,801.25,1,2
348,Rua A Nº 132,Uberlândia,RJ,44998-684,1348,772.15,2,1
349,Alameda C Nº 183,Uberlândia,MG,79323-881,1349,475.69,1,4
350,Travessa D Nº 793,Salvador,SP,18502-911,1350,42.33,1,4
351,Rua E Nº 354,Rio de Janeiro,SP,27755-583,1351,72.19,2,1
352,Travessa D Nº 405,Niterói,RJ,16577-202,1352,959.35,2,4
353,Alameda C Nº 623,Canoas,MG,86131-974,1353,274.24,2,1
354,Avenida B Nº 546,Feira de Santana,SP,43729-399,1354,433.24,1,5
355,Rua E Nº 52,Vitória da Conquista,RJ,22060-857,1355,374.98,2,3
356,Rua A Nº 888,Canoas,BA,30592-727,1356,225.2,1,4
357,Avenida B Nº 831,Campinas,MG,91969-811,1357,239.61,2,4
358,Rua A Nº 435,Belo Horizonte,MG,59464-629,1358,597.52,2,3
359,Rua A Nº 796,Caxias do Sul,BA,65399-17,1359,818.07,1,4
360,Rua A Nº 918,Contagem,BA,18652-915,1360,413.03,1,3
361,Rua E Nº 200,Niterói,SP,78466-602,1361,414.37,1,4
362,Travessa D Nº 742,Uberlândia,RS,93965-87,1362,333.37,1,2
363,Avenida B Nº 139,Campinas,MG,27363-197,1363,339.79,2,1
364,Travessa D Nº 6,Guarulhos,RJ,52062-826,1364,27.86,2,2
365,Alameda C Nº 197,Uberlândia,RS,16484-454,1365,987.76,1,4
366,Alameda C Nº 158,São Paulo,RS,59278-145,1366,533.51,3,3
367,Rua E Nº 142,Belo Horizonte,RS,54415-104,1367,578.35,2,1
368,Rua E Nº 581,Vitória da Conquista,RJ,34612-883,1368,891.21,2,3
369,Alameda C Nº 887,Feira de Santana,MG,22496-743,1369,541.35,1,3
370,Alameda C Nº 150,Guarulhos,RS,39423-335,1370,392.49,1,2
371,Travessa D Nº 827,Rio de Janeiro,RS,94960-669,1371,465.12,1,2
372,Rua E Nº 924,Vitória da Conquista,SP,13628-786,1372,742.15,1,3
373,Alameda C Nº 755,Contagem,RS,62949-373,1373,39.1,3,3
374,Travessa D Nº 871,Campinas,RJ,70871-22,1374,922.73,1,3
375,Travessa D Nº 169,Belo Horizonte,BA,80240-674,1375,900.21,1,3
376,Avenida B Nº 586,Campinas,BA,70193-526,1376,956.38,2,1
377,Rua E Nº 285,Porto Alegre,RJ,10243-174,1377,935.56,1,3
378,Alameda C Nº 656,Guarulhos,RS,44004-537,1378,777.03,3,4
379,Avenida B Nº 150,Contagem,RS,79020-320,1379,145.29,1,3
380,Travessa D Nº 70,Uberlândia,RS,56817-959,1380,289.2,2,4
381,Travessa D Nº 437,Salvador,RJ,76058-253,1381,221.52,1,1
382,Alameda C Nº 178,São Gonçalo,RJ,20061-849,1382,481.49,1,5
383,Rua E Nº 441,Uberlândia,MG,44867-551,1383,428.44,1,5
384,Avenida B Nº 497,São Gonçalo,SP,87846-246,1384,305.46,2,2
385,Travessa D Nº 729,Guarulhos,BA,25566-156,1385,831.56,2,4
386,Avenida B Nº 370,Vitória da Conquista,BA,95108-883,1386,435.83,3,1
387,Avenida B Nº 479,Uberlândia,MG,27206-180,1387,390.58,1,2
388,Rua E Nº 376,São Gonçalo,MG,59686-712,1388,973.3,1,2
389,Rua E Nº 198,Campinas,MG,47833-246,1389,921.19,1,5
390,Alameda C Nº 652,Porto Alegre,MG,50742-452,1390,346.6,1,3
391,Rua A Nº 743,Caxias do Sul,RS,71584-391,1391,861.71,3,3
392,Avenida B Nº 606,Belo Horizonte,BA,25129-207,1392,329.86,2,4
393,Rua A Nº 174,Guarulhos,BA,51210-93,1393,694.53,2,4
394,Rua A Nº 424,Guarulhos,RJ,66152-417,1394,669.49,1,2
395,Avenida B Nº 465,Uberlândia,BA,41316-136,1395,268.68,1,4
396,Avenida B Nº 783,Salvador,RS,30703-338,1396,430.16,1,2
397,Alameda C Nº 610,Belo Horizonte,MG,65585-537,1397,694.78,1,5
398,Rua A Nº 921,Campinas,RS,21929-14,1398,902.18,2,2
399,Avenida B Nº 334,Salvador,RS,25201-479,1399,58.89,1,2
400,Rua E Nº 215,Vitória da Conquista,RS,31185-728,1400,282.32,2,3
401,Avenida B Nº 943,Contagem,RS,16353-162,1401,520.19,1,5
402,Alameda C Nº 703,Feira de Santana,SP,78217-572,1402,266.53,2,4
403,Rua E Nº 618,Uberlândia,MG,51716-999,1403,58.81,1,3
404,Alameda C Nº 415,Campinas,BA,41038-101,1404,243.18,2,4
405,Rua E Nº 390,São Paulo,RJ,72000-339,1405,343.95,2,2
406,Alameda C Nº 858,Rio de Janeiro,MG,20235-173,1406,668.9,1,3
407,Travessa D Nº 360,Contagem,RJ,60420-219,1407,911.71,1,3
408,Travessa D Nº 22,Caxias do Sul,SP,45508-691,1408,78.99,3,2
409,Travessa D Nº 817,Vitória da Conquista,SP,29905-344,1409,311.79,1,5
410,Rua E Nº 375,Niterói,RS,97849-166,1410,357.77,3,4
411,Travessa D Nº 793,Canoas,RS,58601-379,1411,608.23,1,3
412,Travessa D Nº 633,Caxias do Sul,SP,31556-8,1412,50.59,1,5
413,Travessa D Nº 39,Guarulhos,MG,16961-105,1413,393.82,1,5
414,Rua A Nº 737,Porto Alegre,RJ,82895-972,1414,886.1,1,2
415,Rua A Nº 872,Porto Alegre,SP,65109-526,1415,378.6,2,3
416,Alameda C Nº 790,Salvador,SP,66017-740,1416,966.69,1,5
417,Rua A Nº 670,Canoas,BA,49507-949,1417,385.82,1,3
418,Travessa D Nº 393,Campinas,MG,90462-807,1418,668.16,1,4
419,Alameda C Nº 197,Feira de Santana,RS,35102-688,1419,23.77,1,4
420,Avenida B Nº 468,Canoas,SP,80313-893,1420,540.27,2,3
421,Alameda C Nº 676,São Paulo,MG,34017-961,1421,770.52,3,4
422,Avenida B Nº 964,Porto Alegre,RS,77941-779,1422,989.74,1,4
423,Travessa D Nº 742,São Paulo,RS,73521-486,1423,80.65,1,1
424,Rua E Nº 208,Campinas,MG,76349-282,1424,834.32,1,3
425,Avenida B Nº 350,Feira de Santana,RS,48103-311,1425,38.05,1,2
426,Avenida B Nº 936,Feira de Santana,RS,93602-401,1426,426.65,3,4
427,Avenida B Nº 539,São Paulo,SP,11666-258,1427,171.93,2,3
428,Rua E Nº 773,Vitória da Conquista,MG,34351-216,1428,116.76,1,5
429,Rua E Nº 94,Caxias do Sul,RS,34263-781,1429,373.91,1,1
430,Alameda C Nº 201,Caxias do Sul,MG,97442-763,1430,346.17,1,4
431,Travessa D Nº 855,Belo Horizonte,SP,24217-368,1431,321.19,2,3
432,Avenida B Nº 302,Caxias do Sul,RJ,96739-653,1432,317.5,1,3
433,Travessa D Nº 88,Vitória da Conquista,RJ,37262-540,1433,634.5,1,3
434,Avenida B Nº 921,Feira de Santana,SP,82131-798,1434,162.34,1,1
435,Travessa D Nº 900,Feira de Santana,MG,42505-494,1435,939.69,1,2
436,Rua A Nº 58,Guarulhos,RS,83117-451,1436,905.68,3,2
437,Alameda C Nº 227,Vitória da Conquista,RS,15225-877,1437,24.02,2,3
438,Avenida B Nº 467,Niterói,RJ,41331-665,1438,447.84,3,3
439,Rua E Nº 717,São Paulo,BA,92964-113,1439,953.21,2,1
440,Rua A Nº 871,Guarulhos,BA,74443-578,1440,343.2,1,4
441,Rua A Nº 974,Rio de Janeiro,BA,97990-684,1441,995.6,1,3
442,Avenida B Nº 181,Campinas,BA,94613-642,1442,77.83,3,4
443,Rua E Nº 101,Belo Horizonte,RS,37945-263,1443,807.09,1,4
444,Rua A Nº 642,Porto Alegre,MG,63489-86,1444,197.33,3,2
445,Rua A Nº 585,Contagem,RS,47989-972,1445,374.6,2,1
446,Travessa D Nº 402,Canoas,RJ,38113-215,1446,274.95,1,4
447,Travessa D Nº 619,Porto Alegre,RS,75798-814,1447,211.52,1,2
448,Rua A Nº 200,Niterói,MG,45346-770,1448,475.47,2,3
449,Rua A Nº 134,Caxias do Sul,BA,43467-863,1449,826.78,2,4
450,Alameda C Nº 592,Uberlândia,BA,15484-550,1450,569.92,2,3
451,Rua E Nº 425,Porto Alegre,BA,58326-197,1451,592.14,1,4
452,Alameda C Nº 135,Salvador,BA,67568-134,1452,690.29,2,3
453,Rua E Nº 428,Salvador,RS,97870-455,1453,771.93,2,3
454,Alameda C Nº 237,Uberlândia,MG,43261-201,1454,753.18,1,1
455,Travessa D Nº 15,São Paulo,RJ,49694-710,1455,969.85,1,1
456,Rua A Nº 250,Guarulhos,RJ,39563-476,1456,137.71,2,3
457,Avenida B Nº 816,Vitória da Conquista,RS,93679-357,1457,522.22,3,3
458,Travessa D Nº 305,São Gonçalo,RJ,78839-152,1458,29.9,1,3
459,Alameda C Nº 130,São Paulo,BA,51746-934,1459,505.88,1,4
460,Rua E Nº 253,Vitória da Conquista,RJ,25448-517,1460,534.88,1,1
461,Alameda C Nº 666,Contagem,MG,92081-145,1461,172.42,2,3
462,Rua E Nº 609,Uberlândia,RS,42290-222,1462,834.87,2,4
463,Alameda C Nº 669,São Gonçalo,RJ,60765-855,1463,225.45,1,5
464,Rua E Nº 355,Guarulhos,RS,41636-473,1464,510.54,3,3
465,Rua E Nº 193,Campinas,BA,51235-433,1465,988.09,1,5
466,Travessa D Nº 533,Campinas,RJ,27880-850,1466,461.46,1,3
467,Rua A Nº 172,Rio de Janeiro,RS,66873-757,1467,336.31,2,3
468,Travessa D Nº 986,Feira de Santana,SP,76644-665,1468,730.43,1,5
469,Rua E Nº 616,Canoas,MG,97076-231,1469,680.87,2,4
470,Travessa D Nº 387,Belo Horizonte,SP,20120-123,1470,992.66,1,4
471,Alameda C Nº 323,Canoas,SP,12361-745,1471,541.14,1,3
472,Rua E Nº 566,Vitória da Conquista,BA,66687-31,1472,265.37,1,2
473,Travessa D Nº 570,São Gonçalo,MG,74709-612,1473,584.54,1,3
474,Rua E Nº 990,São Gonçalo,RS,75408-10,1474,345.15,1,3
475,Alameda C Nº 404,Porto Alegre,RS,51653-801,1475,944.04,1,3
476,Rua E Nº 509,São Gonçalo,SP,32865-378,1476,616.22,2,2
477,Rua E Nº 406,Canoas,SP,78957-260,1477,152.25,1,4
478,Rua E Nº 9,São Gonçalo,BA,68799-380,1478,954.69,1,2
479,Rua E Nº 838,São Gonçalo,RS,56289-593,1479,263.13,3,1
480,Rua A Nº 802,Campinas,MG,14052-287,1480,586.93,2,3
481,Avenida B Nº 544,Caxias do Sul,SP,90488-42,1481,796.33,1,3
482,Avenida B Nº 735,Caxias do Sul,RS,17681-49,1482,201.14,3,3
483,Travessa D Nº 313,São Paulo,MG,34314-346,1483,730.58,2,3
484,Alameda C Nº 899,Campinas,RJ,66137-580,1484,867.28,1,3
485,Rua E Nº 998,Niterói,SP,43298-335,1485,243.42,2,4
486,Rua A Nº 716,São Paulo,RJ,15620-292,1486,573.81,1,3
487,Travessa D Nº 626,Feira de Santana,BA,91804-813,1487,562.08,2,4
488,Travessa D Nº 160,Niterói,MG,37339-589,1488,940.01,2,4
489,Rua E Nº 891,São Paulo,RJ,18934-660,1489,825.74,3,4
490,Travessa D Nº 673,São Paulo,SP,82894-255,1490,938.44,1,5
491,Alameda C Nº 751,São Gonçalo,RJ,78519-663,1491,746.27,1,5
492,Alameda C Nº 446,São Paulo,MG,30758-753,1492,977.15,1,4
493,Rua E Nº 545,Niterói,RS,13227-916,1493,774.37,2,4
494,Alameda C Nº 451,Canoas,RJ,41759-447,1494,508.46,1,5
495,Rua A Nº 950,Belo Horizonte,SP,52850-400,1495,438.53,2,4
496,Travessa D Nº 633,Canoas,RJ,86679-494,1496,730.79,1,1
497,Rua A Nº 173,Campinas,SP,19793-867,1497,543.71,2,3
498,Avenida B Nº 908,Niterói,SP,82073-4,1498,893.03,2,3
499,Alameda C Nº 152,Uberlândia,BA,48925-657,1499,111.51,3,3
500,Travessa D Nº 619,Caxias do Sul,SP,38205-824,1500,308.09,1,2
501,Avenida B Nº 674,Canoas,RJ,39925-276,1501,388.34,1,5
502,Alameda C Nº 627,Feira de Santana,RS,17770-58,1502,987.85,1,4
503,Rua A Nº 663,Uberlândia,SP,39690-761,1503,866.37,1,5
504,Rua E Nº 35,Campinas,RS,93615-498,1504,360.11,2,3
505,Rua A Nº 261,Vitória da Conquista,BA,51937-834,1505,23.26,1,2
506,Rua E Nº 277,Guarulhos,SP,38188-56,1506,319.73,1,5
507,Avenida B Nº 425,Belo Horizonte,MG,45576-567,1507,255.41,1,5
508,Avenida B Nº 354,Contagem,RS,78898-819,1508,666.8,2,3
509,Alameda C Nº 674,Salvador,RJ,40287-810,1509,398.15,2,2
510,Rua A Nº 255,Campinas,SP,56556-297,1510,988.13,1,3
511,Avenida B Nº 388,Belo Horizonte,RJ,53031-193,1511,440.33,1,1
512,Alameda C Nº 161,Contagem,RS,40054-664,1512,970.76,1,3
513,Rua A Nº 633,Campinas,MG,19732-456,1513,921.08,2,3
514,Rua E Nº 372,Salvador,BA,50930-158,1514,479.89,1,2
515,Travessa D Nº 723,São Gonçalo,RJ,91347-506,1515,194.9,2,4
516,Rua E Nº 634,Campinas,RS,61688-994,1516,844.35,1,5
517,Rua A Nº 43,Rio de Janeiro,BA,96658-986,1517,213.26,1,3
518,Rua E Nº 490,Rio de Janeiro,SP,91800-240,1518,967.46,1,3
519,Rua A Nº 324,Belo Horizonte,MG,74055-506,1519,746.73,1,2
520,Rua A Nº 291,São Gonçalo,RS,25288-508,1520,171.96,2,2
521,Alameda C Nº 987,São Paulo,SP,90476-286,1521,56.79,1,3
522,Rua A Nº 363,Uberlândia,SP,60417-7,1522,574.22,3,3
523,Avenida B Nº 965,Canoas,SP,64101-5,1523,759.26,2,3
524,Rua A Nº 994,Contagem,RJ,18793-133,1524,919.26,1,5
525,Rua E Nº 847,Salvador,RJ,94853-519,1525,723.5,1,2
526,Avenida B Nº 397,Campinas,BA,97003-231,1526,459.13,1,5
527,Travessa D Nº 124,São Paulo,RS,49164-682,1527,841.86,1,3
528,Rua A Nº 877,Feira de Santana,MG,54694-504,1528,20.1,1,2
529,Alameda C Nº 645,Canoas,SP,65046-351,1529,756.21,1,4
530,Travessa D Nº 813,Campinas,BA,62447-900,1530,433.71,1,3
531,Alameda C Nº 884,Contagem,MG,49069-919,1531,795.88,3,4
532,Avenida B Nº 783,Contagem,RS,97248-362,1532,406.91,1,4
533,Avenida B Nº 815,Campinas,MG,90303-382,1533,606.15,2,2
534,Alameda C Nº 321,São Gonçalo,MG,21738-886,1534,394.81,1,5
535,Travessa D Nº 98,Guarulhos,RS,52396-2,1535,974.37,2,4
536,Alameda C Nº 36,São Paulo,BA,10782-743,1536,629.04,1,4
537,Rua A Nº 451,Contagem,BA,91230-441,1537,773.56,3,4
538,Rua E Nº 751,Contagem,SP,86201-575,1538,928.45,1,5
539,Rua A Nº 687,São Gonçalo,SP,46769-518,1539,620.55,2,4
540,Travessa D Nº 717,Salvador,RS,64005-630,1540,718.75,2,4
541,Travessa D Nº 956,Belo Horizonte,SP,26290-268,1541,467.56,1,2
542,Rua A Nº 84,Porto Alegre,RJ,53511-634,1542,247.35,2,3
543,Avenida B Nº 177,Belo Horizonte,RJ,65363-625,1543,425.5,2,3
544,Rua A Nº 969,Salvador,RJ,93998-436,1544,457.78,1,3
545,Rua A Nº 990,Guarulhos,BA,73735-676,1545,461.81,1,4
546,Rua A Nº 127,Canoas,MG,31418-134,1546,666.21,2,4
547,Rua A Nº 603,Niterói,SP,81001-622,1547,104.64,2,2
548,Travessa D Nº 365,São Gonçalo,SP,45815-370,1548,583.98,1,3
549,Alameda C Nº 387,Uberlândia,BA,54840-59,1549,628.72,2,3
550,Avenida B Nº 292,Belo Horizonte,SP,57669-106,1550,362.84,1,2
551,Avenida B Nº 944,São Paulo,RS,12417-320,1551,47.26,3,4
552,Rua E Nº 655,São Paulo,BA,66484-729,1552,468.82,1,4
553,Rua A Nº 611,Niterói,MG,99497-921,1553,348.93,2,2
554,Rua A Nº 338,São Gonçalo,MG,95435-85,1554,379.79,1,4
555,Rua E Nº 501,Caxias do Sul,MG,52629-812,1555,965.61,1,4
556,Rua E Nº 494,Caxias do Sul,RJ,35160-308,1556,95.7,1,2
557,Alameda C Nº 37,Vitória da Conquista,RS,50771-800,1557,425.65,1,4
558,Travessa D Nº 49,Contagem,RS,89104-809,1558,691.92,3,4
559,Rua A Nº 77,Niterói,RJ,78738-761,1559,340.62,2,4
560,Alameda C Nº 122,Feira de Santana,RJ,72263-464,1560,646.14,1,3
561,Avenida B Nº 920,Vitória da Conquista,RJ,84751-916,1561,660.71,2,4
562,Rua A Nº 299,Campinas,BA,71468-565,1562,252.09,1,2
563,Alameda C Nº 142,Porto Alegre,BA,64822-132,1563,99.14,1,5
564,Alameda C Nº 837,São Paulo,MG,21473-241,1564,786.01,2,4
565,Rua E Nº 65,Feira de Santana,BA,51484-647,1565,257.94,2,4
566,Rua E Nº 108,Caxias do Sul,RS,53519-369,1566,653.24,2,2
567,Avenida B Nº 616,Salvador,RS,40322-712,1567,349.56,2,1
568,Rua A Nº 913,Belo Horizonte,SP,58511-210,1568,478.0,1,3
569,Avenida B Nº 898,Rio de Janeiro,RJ,86904-639,1569,667.11,2,3
570,Avenida B Nº 808,Rio de Janeiro,MG,30824-363,1570,685.78,1,5
571,Alameda C Nº 531,São Gonçalo,RS,76266-639,1571,359.15,3,2
572,Alameda C Nº 23,Belo Horizonte,RS,45496-531,1572,589.58,3,1
573,Alameda C Nº 887,Niterói,MG,57776-718,1573,340.39,1,2
574,Alameda C Nº 457,Uberlândia,BA,78436-781,1574,694.73,2,4
575,Travessa D Nº 302,Canoas,RS,57461-949,1575,905.7,1,5
576,Alameda C Nº 295,Porto Alegre,MG,94155-153,1576,973.55,2,4
577,Travessa D Nº 340,Contagem,BA,15734-323,1577,999.68,1,2
578,Rua A Nº 142,Feira de Santana,RS,91008-57,1578,539.32,3,3
579,Alameda C Nº 495,Porto Alegre,SP,19854-268,1579,291.25,1,3
580,Avenida B Nº 955,Canoas,BA,41178-279,1580,411.63,1,5
581,Travessa D Nº 345,Canoas,RJ,80457-301,1581,175.76,3,2
582,Alameda C Nº 155,Caxias do Sul,RJ,90266-961,1582,160.21,2,3
583,Alameda C Nº 468,Vitória da Conquista,BA,64754-112,1583,118.09,1,2
584,Avenida B Nº 516,Niterói,RJ,86301-792,1584,573.75,1,4
585,Avenida B Nº 696,Rio de Janeiro,RS,92739-323,1585,907.96,1,4
586,Rua A Nº 832,Salvador,SP,61297-337,1586,893.06,1,5
587,Rua E Nº 178,Belo Horizonte,RS,71532-419,1587,753.96,2,4
588,Travessa D Nº 14,Canoas,BA,44683-658,1588,267.1,1,4
589,Avenida B Nº 443,Campinas,MG,81426-832,1589,21.62,2,2
590,Rua E Nº 908,Caxias do Sul,SP,83511-67,1590,525.39,2,1
591,Rua A Nº 953,Porto Alegre,MG,47561-978,1591,584.04,1,5
592,Avenida B Nº 840,Canoas,RJ,33748-668,1592,254.2,2,4
593,Rua A Nº 955,São Paulo,BA,16340-467,1593,950.43,1,1
594,Avenida B Nº 241,Canoas,RS,97002-39,1594,148.84,2,4
595,Travessa D Nº 169,Uberlândia,SP,53048-856,1595,384.37,1,3
596,Travessa D Nº 595,Caxias do Sul,MG,65369-292,1596,831.32,1,3
597,Rua E Nº 618,Feira de Santana,RS,44735-147,1597,834.34,1,5
598,Rua E Nº 663,Vitória da Conquista,SP,36918-872,1598,582.63,1,5
599,Rua A Nº 834,Guarulhos,MG,28022-654,1599,952.93,2,4
600,Avenida B Nº 194,Niterói,BA,14153-179,1600,938.22,3,4
601,Rua A Nº 444,Rio de Janeiro,MG,40863-717,1601,164.56,2,4
602,Travessa D Nº 290,Vitória da Conquista,MG,11190-381,1602,317.58,1,1
603,Rua E Nº 749,Contagem,SP,90081-954,1603,184.78,2,3
604,Travessa D Nº 484,São Paulo,BA,54605-53,1604,744.01,2,3
605,Avenida B Nº 475,Uberlândia,RS,94792-452,1605,663.18,1,4
606,Rua E Nº 764,Caxias do Sul,BA,67508-712,1606,264.78,1,4
607,Travessa D Nº 966,Feira de Santana,BA,26725-673,1607,307.69,1,3
608,Alameda C Nº 771,Vitória da Conquista,BA,10330-762,1608,453.95,1,5
609,Rua E Nº 853,Salvador,BA,45049-417,1609,956.67,3,2
610,Travessa D Nº 832,Feira de Santana,SP,12113-931,1610,146.76,1,3
611,Rua A Nº 822,Salvador,MG,15573-360,1611,321.63,1,3
612,Rua A Nº 256,Canoas,RS,97546-960,1612,527.51,2,3
613,Alameda C Nº 391,Rio de Janeiro,MG,66021-3,1613,391.11,1,5
614,Avenida B Nº 794,Rio de Janeiro,SP,45061-160,1614,133.55,1,3
615,Alameda C Nº 431,Feira de Santana,SP,68896-787,1615,380.33,1,3
616,Rua A Nº 163,Niterói,BA,96858-483,1616,790.99,1,3
617,Alameda C Nº 36,Contagem,MG,64306-624,1617,556.1,1,5
618,Alameda C Nº 542,Uberlândia,RS,43948-7,1618,891.04,1,4
619,Rua E Nº 388,São Paulo,RJ,69706-335,1619,557.62,2,3
620,Travessa D Nº 636,Contagem,MG,94598-786,1620,698.69,3,2
621,Rua E Nº 664,Vitória da Conquista,RS,63491-251,1621,435.78,1,4
622,Travessa D Nº 535,Guarulhos,RJ,10965-407,1622,563.26,1,2
623,Avenida B Nº 50,Canoas,RS,88715-955,1623,639.21,2,4
624,Alameda C Nº 728,Canoas,MG,61689-518,1624,338.53,1,1
625,Rua E Nº 904,Contagem,RJ,85828-653,1625,913.44,1,2
626,Travessa D Nº 776,Campinas,MG,13623-754,1626,501.13,1,3
627,Alameda C Nº 79,Uberlândia,MG,80008-257,1627,358.79,1,5
628,Travessa D Nº 528,Porto Alegre,RS,66316-569,1628,678.39,1,5
629,Avenida B Nº 126,Niterói,SP,12413-412,1629,119.68,1,4
630,Avenida B Nº 250,Belo Horizonte,RS,31382-955,1630,984.71,2,1
631,Rua E Nº 701,Porto Alegre,BA,81846-772,1631,748.21,1,5
632,Avenida B Nº 370,Guarulhos,RS,81964-370,1632,715.17,2,3
633,Rua E Nº 654,Feira de Santana,SP,63013-739,1633,963.68,1,5
634,Travessa D Nº 381,Salvador,SP,34728-839,1634,333.57,1,3
635,Rua A Nº 54,São Paulo,MG,39042-12,1635,658.73,3,2
636,Avenida B Nº 245,Niterói,SP,38762-870,1636,824.95,1,4
637,Alameda C Nº 101,Guarulhos,RS,51505-79,1637,326.98,2,4
638,Alameda C Nº 931,Contagem,RJ,50638-682,1638,913.7,1,2
639,Travessa D Nº 732,Feira de Santana,RJ,94245-561,1639,670.6,1,4
640,Rua E Nº 30,Feira de Santana,BA,37996-578,1640,466.39,3,3
641,Alameda C Nº 742,Salvador,RS,61062-792,1641,116.53,1,2
642,Travessa D Nº 952,Belo Horizonte,SP,16433-778,1642,305.93,1,3
643,Travessa D Nº 67,Rio de Janeiro,RS,85967-775,1643,109.65,1,4
644,Alameda C Nº 952,Porto Alegre,BA,93653-341,1644,262.37,1,3
645,Alameda C Nº 498,Niterói,MG,69262-717,1645,860.26,1,3
646,Avenida B Nº 678,Rio de Janeiro,RS,62567-579,1646,591.82,3,3
647,Rua A Nº 982,Rio de Janeiro,BA,99090-359,1647,196.73,2,3
648,Rua A Nº 794,São Paulo,RJ,35681-518,1648,354.01,3,4
649,Avenida B Nº 940,Uberlândia,RS,23923-728,1649,587.56,1,1
650,Avenida B Nº 165,São Gonçalo,SP,35648-629,1650,862.37,1,3
651,Avenida B Nº 728,Campinas,RS,66504-559,1651,627.17,1,3
652,Travessa D Nº 401,Campinas,BA,65822-496,1652,104.45,1,1
653,Travessa D Nº 700,São Paulo,BA,58976-991,1653,299.67,2,4
654,Rua E Nº 343,Salvador,BA,64912-216,1654,912.5,1,3
655,Rua E Nº 587,Niterói,RS,19790-303,1655,255.19,1,3
656,Travessa D Nº 365,Canoas,RJ,33954-310,1656,964.67,1,1
657,Travessa D Nº 237,São Paulo,BA,75865-558,1657,542.19,1,1
658,Rua E Nº 980,Feira de Santana,BA,72938-513,1658,146.93,1,1
659,Travessa D Nº 931,São Paulo,RS,56887-736,1659,592.27,1,5
660,Avenida B Nº 492,São Gonçalo,RS,12028-45,1660,583.81,3,4
661,Rua E Nº 10,Porto Alegre,RS,36210-245,1661,189.45,1,3
662,Alameda C Nº 577,Canoas,BA,93100-599,1662,519.42,3,3
663,Alameda C Nº 569,São Gonçalo,MG,43201-548,1663,692.87,3,4
664,Rua A Nº 463,Feira de Santana,MG,87867-792,1664,332.2,1,1
665,Travessa D Nº 144,São Gonçalo,RS,88392-170,1665,695.41,2,1
666,Rua E Nº 936,Belo Horizonte,RJ,30861-904,1666,536.21,2,1
667,Rua E Nº 867,São Paulo,RS,26319-190,1667,865.3,2,2
668,Rua E Nº 798,Feira de Santana,MG,67971-648,1668,992.99,1,5
669,Avenida B Nº 306,Canoas,RJ,76643-836,1669,134.95,1,3
670,Travessa D Nº 242,Guarulhos,SP,92096-455,1670,712.03,1,2
671,Avenida B Nº 428,Campinas,BA,30981-81,1671,502.64,2,4
672,Alameda C Nº 401,Rio de Janeiro,RJ,34323-473,1672,96.86,1,4
673,Rua E Nº 320,Belo Horizonte,RJ,13991-13,1673,320.66,2,1
674,Avenida B Nº 47,Feira de Santana,RJ,25748-17,1674,857.36,1,5
675,Rua E Nº 879,Campinas,SP,60372-555,1675,233.23,1,4
676,Rua E Nº 466,Feira de Santana,RJ,54593-128,1676,305.49,1,5
677,Alameda C Nº 280,Campinas,RJ,61188-64,1677,710.53,1,3
678,Travessa D Nº 814,Salvador,MG,95791-982,1678,109.17,2,4
679,Avenida B Nº 58,Salvador,RS,76177-242,1679,404.77,1,1
680,Avenida B Nº 4,Campinas,BA,25030-109,1680,181.02,1,1
681,Travessa D Nº 952,Uberlândia,SP,99819-877,1681,403.29,2,3
682,Alameda C Nº 944,Niterói,SP,76217-953,1682,600.08,1,5
683,Alameda C Nº 196,Canoas,RJ,25398-273,1683,841.43,3,1
684,Rua A Nº 723,Caxias do Sul,BA,42705-902,1684,836.89,1,1
685,Travessa D Nº 432,Contagem,RS,55181-365,1685,654.26,3,4
686,Rua A Nº 178,São Paulo,RS,66560-101,1686,865.04,1,5
687,Avenida B Nº 349,Porto Alegre,RJ,97202-676,1687,971.59,2,3
688,Rua E Nº 10,Campinas,BA,50962-428,1688,121.04,1,2
689,Rua E Nº 369,Niterói,RS,94153-663,1689,62.69,2,4
690,Alameda C Nº 799,Campinas,MG,82782-523,1690,367.61,2,3
691,Avenida B Nº 484,Campinas,RS,55202-166,1691,724.59,1,5
692,Rua E Nº 284,Campinas,SP,11445-120,1692,754.38,1,5
693,Travessa D Nº 921,Guarulhos,BA,58333-706,1693,802.61,2,2
694,Travessa D Nº 307,Salvador,RS,19146-176,1694,852.52,1,2
695,Avenida B Nº 29,Canoas,RS,22953-143,1695,824.76,2,3
696,Rua E Nº 378,Feira de Santana,RS,86713-534,1696,154.91,1,3
697,Rua A Nº 567,Rio de Janeiro,BA,94466-185,1697,241.79,1,3
698,Alameda C Nº 908,Porto Alegre,MG,90943-554,1698,736.3,1,4
699,Travessa D Nº 589,Belo Horizonte,BA,45617-841,1699,395.24,3,3
700,Rua A Nº 831,Caxias do Sul,MG,96859-521,1700,471.6,1,2
701,Avenida B Nº 979,Feira de Santana,RJ,47856-55,1701,604.98,1,4
702,Rua E Nº 537,Uberlândia,RJ,92590-260,1702,752.85,1,4
703,Avenida B Nº 367,Contagem,BA,59463-255,1703,171.69,1,4
704,Rua A Nº 537,Campinas,MG,48438-446,1704,462.52,1,3
705,Avenida B Nº 760,Rio de Janeiro,RS,45071-246,1705,387.36,1,5
706,Alameda C Nº 234,Caxias do Sul,SP,14557-984,1706,899.27,2,4
707,Rua A Nº 217,Canoas,BA,27749-52,1707,417.64,3,2
708,Rua A Nº 960,Feira de Santana,RS,24299-80,1708,791.29,1,4
709,Rua E Nº 751,Rio de Janeiro,RS,73677-469,1709,241.98,2,4
710,Avenida B Nº 799,Guarulhos,RS,65554-641,1710,744.15,1,1
711,Rua A Nº 614,Contagem,RS,63309-485,1711,216.16,2,3
712,Avenida B Nº 301,Contagem,SP,52867-136,1712,982.62,1,2
713,Rua A Nº 784,Campinas,MG,17156-925,1713,229.06,3,3
714,Avenida B Nº 862,Salvador,BA,73932-612,1714,429.96,1,2
715,Alameda C Nº 747,Guarulhos,RS,13188-683,1715,275.59,2,3
716,Travessa D Nº 561,Campinas,MG,43864-924,1716,275.26,1,1
717,Rua A Nº 515,Uberlândia,MG,62415-20,1717,377.57,1,5
718,Rua E Nº 843,Niterói,BA,72083-255,1718,582.99,1,5
719,Avenida B Nº 427,Porto Alegre,RS,49383-774,1719,531.06,3,4
720,Alameda C Nº 420,São Paulo,MG,49583-996,1720,199.04,1,3
721,Rua E Nº 608,Canoas,SP,23647-319,1721,27.75,1,3
722,Avenida B Nº 239,Belo Horizonte,RJ,69563-126,1722,787.78,2,4
723,Rua E Nº 449,São Gonçalo,BA,97944-633,1723,688.5,3,2
724,Alameda C Nº 98,Contagem,RS,52918-66,1724,618.01,2,2
725,Avenida B Nº 835,Campinas,BA,64277-326,1725,135.75,1,4
726,Rua E Nº 455,Guarulhos,BA,15404-364,1726,14.64,1,1
727,Rua E Nº 193,Vitória da Conquista,SP,15601-343,1727,372.6,1,5
728,Avenida B Nº 468,Rio de Janeiro,BA,25932-490,1728,444.22,1,4
729,Rua A Nº 416,Canoas,BA,17526-980,1729,118.17,3,3
730,Alameda C Nº 305,Caxias do Sul,BA,56853-325,1730,873.26,1,1
731,Travessa D Nº 819,Feira de Santana,RJ,38968-579,1731,645.63,3,4
732,Travessa D Nº 418,São Paulo,RS,31050-443,1732,102.2,2,3
733,Rua E Nº 108,Contagem,MG,36261-429,1733,379.66,1,3
734,Rua E Nº 641,Rio de Janeiro,BA,99068-70,1734,59.83,2,1
735,Rua E Nº 538,Niterói,RS,81592-462,1735,872.64,2,4
736,Alameda C Nº 339,Salvador,SP,40926-21,1736,186.46,3,2
737,Avenida B Nº 601,Caxias do Sul,RJ,52011-209,1737,370.94,1,3
738,Alameda C Nº 888,São Paulo,RS,58265-171,1738,84.65,1,4
739,Rua A Nº 155,Feira de Santana,BA,64244-126,1739,229.81,1,5
740,Avenida B Nº 307,Caxias do Sul,BA,25265-763,1740,363.96,1,2
741,Rua A Nº 459,Belo Horizonte,RJ,12407-374,1741,115.65,1,5
742,Rua E Nº 373,São Paulo,SP,90863-183,1742,835.65,2,3
743,Avenida B Nº 111,São Gonçalo,BA,86517-678,1743,447.96,2,4
744,Rua E Nº 801,São Gonçalo,RJ,45817-340,1744,48.84,2,3
745,Travessa D Nº 696,Feira de Santana,BA,62632-291,1745,352.68,2,2
746,Rua E Nº 802,Uberlândia,RJ,94386-234,1746,380.88,2,3
747,Travessa D Nº 857,Campinas,RS,82251-739,1747,92.87,2,2
748,Rua A Nº 637,São Paulo,SP,56128-382,1748,687.53,3,2
749,Avenida B Nº 864,Niterói,RJ,10213-930,1749,530.24,2,3
750,Rua A Nº 989,Feira de Santana,MG,18483-324,1750,444.02,1,5
751,Rua A Nº 441,Uberlândia,SP,91907-271,1751,542.72,1,2
752,Alameda C Nº 490,Uberlândia,MG,72448-188,1752,543.77,3,4
753,Alameda C Nº 108,São Gonçalo,RS,52011-893,1753,300.05,3,2
754,Rua A Nº 203,Caxias do Sul,SP,99569-203,1754,186.17,3,4
755,Avenida B Nº 572,Belo Horizonte,BA,56774-318,1755,967.65,1,1
756,Alameda C Nº 435,Contagem,MG,47240-563,1756,306.86,1,4
757,Rua E Nº 232,Guarulhos,BA,88445-566,1757,520.17,3,3
758,Rua A Nº 930,Salvador,SP,19757-113,1758,419.55,1,3
759,Travessa D Nº 180,Uberlândia,SP,60012-188,1759,88.48,1,5
760,Alameda C Nº 662,Porto Alegre,RS,45639-208,1760,74.64,1,4
761,Avenida B Nº 596,São Gonçalo,SP,68004-728,1761,214.19,2,1
762,Travessa D Nº 292,Vitória da Conquista,MG,38346-773,1762,66.14,1,2
763,Rua E Nº 628,Uberlândia,MG,42414-787,1763,512.88,1,5
764,Avenida B Nº 195,Guarulhos,BA,12945-323,1764,865.77,2,3
765,Alameda C Nº 409,Canoas,RJ,16247-358,1765,132.98,2,1
766,Travessa D Nº 838,Campinas,RJ,27485-375,1766,916.06,1,5
767,Travessa D Nº 281,Vitória da Conquista,SP,31578-268,1767,637.54,1,2
768,Avenida B Nº 251,Vitória da Conquista,RJ,24152-570,1768,378.96,1,5
769,Rua E Nº 515,Salvador,RS,74753-175,1769,329.8,1,1
770,Rua E Nº 959,Caxias do Sul,RS,60210-164,1770,204.58,2,3
771,Avenida B Nº 328,Rio de Janeiro,MG,91520-315,1771,744.98,1,4
772,Alameda C Nº 764,Vitória da Conquista,RS,12585-727,1772,264.9,1,4
773,Rua E Nº 961,São Paulo,BA,61566-248,1773,498.75,2,3
774,Alameda C Nº 533,Caxias do Sul,RJ,77465-756,1774,742.67,1,1
775,Avenida B Nº 764,Caxias do Sul,BA,30084-339,1775,37.65,2,1
776,Alameda C Nº 143,Uberlândia,MG,45308-181,1776,322.16,1,3
777,Rua E Nº 134,Vitória da Conquista,BA,96970-949,1777,749.05,1,3
778,Avenida B Nº 627,Rio de Janeiro,MG,41570-895,1778,760.99,1,3
779,Avenida B Nº 345,Caxias do Sul,SP,28761-237,1779,475.54,1,2
780,Rua E Nº 44,Contagem,RJ,25308-553,1780,256.44,1,3
781,Avenida B Nº 199,Salvador,BA,85866-995,1781,908.35,2,2
782,Rua E Nº 256,Contagem,RJ,10150-640,1782,330.28,3,3
783,Avenida B Nº 352,Feira de Santana,BA,73447-433,1783,154.76,1,2
784,Rua A Nº 970,Rio de Janeiro,BA,54023-182,1784,456.03,1,3
785,Alameda C Nº 554,Contagem,BA,27624-244,1785,980.8,1,2
786,Rua A Nº 398,Belo Horizonte,SP,33476-82,1786,756.05,3,3
787,Avenida B Nº 578,Rio de Janeiro,SP,44062-4,1787,103.62,1,4
788,Rua E Nº 993,Feira de Santana,MG,96903-225,1788,406.06,3,2
789,Alameda C Nº 969,Salvador,MG,13684-267,1789,657.5,1,4
790,Travessa D Nº 407,Belo Horizonte,MG,60948-611,1790,429.42,1,1
791,Avenida B Nº 615,Vitória da Conquista,RS,30606-921,1791,422.4,1,4
792,Alameda C Nº 174,Contagem,SP,75780-833,1792,955.56,3,2
793,Travessa D Nº 359,Porto Alegre,BA,68980-639,1793,26.76,2,3
794,Alameda C Nº 876,Caxias do Sul,SP,88581-130,1794,501.44,3,2
795,Rua E Nº 768,Feira de Santana,SP,97841-99,1795,354.86,1,2
796,Travessa D Nº 727,Vitória da Conquista,RS,90534-893,1796,251.51,1,1
797,Avenida B Nº 878,Feira de Santana,SP,16022-52,1797,594.92,2,2
798,Avenida B Nº 712,Caxias do Sul,SP,49414-165,1798,719.93,2,3
799,Rua E Nº 382,Canoas,RS,38456-397,1799,744.18,1,1
800,Alameda C Nº 701,Caxias do Sul,RJ,54807-444,1800,426.4,2,3
801,Alameda C Nº 436,Niterói,SP,12581-914,1801,388.63,1,5
802,Avenida B Nº 933,Feira de Santana,BA,57056-579,1802,459.78,1,1
803,Travessa D Nº 905,Guarulhos,RS,76998-286,1803,109.05,1,2
804,Rua E Nº 686,Contagem,SP,56496-341,1804,427.6,1,2
805,Alameda C Nº 742,Belo Horizonte,BA,28957-800,1805,792.73,1,5
806,Rua A Nº 486,Caxias do Sul,SP,25433-619,1806,639.43,1,2
807,Rua A Nº 592,Vitória da Conquista,SP,84876-726,1807,427.95,1,2
808,Rua E Nº 227,Caxias do Sul,RS,34713-411,1808,163.72,1,2
809,Travessa D Nº 590,Porto Alegre,RJ,97258-507,1809,838.02,3,2
810,Avenida B Nº 99,Niterói,MG,36539-792,1810,390.72,3,3
811,Rua E Nº 271,Belo Horizonte,BA,58548-12,1811,910.9,1,2
812,Rua A Nº 897,Belo Horizonte,SP,13105-236,1812,573.52,2,3
813,Travessa D Nº 36,Guarulhos,MG,78419-20,1813,500.57,2,3
814,Avenida B Nº 485,Uberlândia,MG,38071-23,1814,376.44,2,4
815,Rua A Nº 17,Porto Alegre,RS,54289-731,1815,416.24,3,3
816,Rua A Nº 353,Guarulhos,SP,81536-613,1816,295.73,1,3
817,Avenida B Nº 150,Salvador,MG,33132-527,1817,580.77,2,4
818,Rua A Nº 855,Rio de Janeiro,RJ,92673-891,1818,556.99,3,3
819,Alameda C Nº 461,Contagem,BA,45761-288,1819,826.72,1,3
820,Travessa D Nº 743,Campinas,BA,83316-619,1820,511.91,1,3
821,Alameda C Nº 636,Rio de Janeiro,BA,91285-653,1821,670.95,1,1
822,Rua E Nº 678,Rio de Janeiro,SP,28657-390,1822,913.25,1,3
823,Alameda C Nº 410,Vitória da Conquista,RJ,55519-700,1823,153.26,2,4
824,Rua A Nº 133,Salvador,RJ,48121-457,1824,738.1,1,3
825,Travessa D Nº 400,Campinas,MG,18482-771,1825,777.65,3,3
826,Alameda C Nº 627,Uberlândia,SP,64272-681,1826,919.41,1,3
827,Rua A Nº 259,Rio de Janeiro,RJ,84096-555,1827,442.91,1,5
828,Rua E Nº 919,Rio de Janeiro,BA,33031-550,1828,14.47,1,4
829,Alameda C Nº 494,Salvador,SP,92453-566,1829,153.07,3,3
830,Alameda C Nº 813,Feira de Santana,RS,17331-859,1830,651.97,1,1
831,Alameda C Nº 551,Salvador,SP,49140-59,1831,303.35,1,4
832,Rua E Nº 236,São Gonçalo,BA,67674-81,1832,85.16,1,5
833,Rua E Nº 392,Contagem,RS,67664-867,1833,615.3,1,4
834,Rua E Nº 151,Guarulhos,SP,36631-7,1834,194.53,2,2
835,Rua E Nº 95,Porto Alegre,RS,38281-5,1835,495.38,3,4
836,Rua A Nº 295,Campinas,RJ,77476-526,1836,631.29,3,4
837,Rua A Nº 892,Uberlândia,MG,66467-467,1837,174.04,1,3
838,Travessa D Nº 775,São Paulo,BA,88144-913,1838,796.09,1,4
839,Travessa D Nº 590,Canoas,BA,95834-294,1839,444.89,1,4
840,Avenida B Nº 998,Vitória da Conquista,BA,62716-959,1840,69.27,1,5
841,Rua A Nº 715,Belo Horizonte,SP,93500-110,1841,648.32,2,3
842,Alameda C Nº 214,Guarulhos,BA,43114-500,1842,876.37,3,2
843,Avenida B Nº 305,Canoas,RS,32028-162,1843,300.06,1,3
844,Alameda C Nº 486,Salvador,RJ,71876-115,1844,217.48,1,5
845,Avenida B Nº 25,São Paulo,RS,68897-189,1845,791.43,2,3
846,Rua A Nº 760,Belo Horizonte,SP,13260-954,1846,266.06,1,2
847,Rua A Nº 176,Feira de Santana,RS,20872-438,1847,497.03,1,4
848,Alameda C Nº 487,Campinas,RJ,57222-892,1848,166.13,3,3
849,Rua A Nº 407,São Paulo,SP,45882-794,1849,146.15,3,4
850,Avenida B Nº 881,Uberlândia,BA,37543-647,1850,552.65,1,1
851,Travessa D Nº 383,Campinas,SP,19591-345,1851,442.55,1,4
852,Rua A Nº 537,Guarulhos,SP,53837-490,1852,472.31,1,4
853,Alameda C Nº 587,São Paulo,SP,81659-433,1853,582.14,2,4
854,Travessa D Nº 324,Belo Horizonte,MG,88760-721,1854,323.96,1,4
855,Rua E Nº 819,Porto Alegre,SP,60478-629,1855,936.79,3,1
856,Rua A Nº 951,São Gonçalo,BA,28230-372,1856,540.58,2,4
857,Rua A Nº 886,Feira de Santana,SP,64162-153,1857,234.5,2,1
858,Travessa D Nº 424,Vitória da Conquista,RS,46778-693,1858,474.86,3,2
859,Rua E Nº 102,São Paulo,MG,82976-29,1859,171.07,3,3
860,Avenida B Nº 349,Campinas,MG,73092-92,1860,774.53,1,3
861,Rua A Nº 102,Uberlândia,RS,97782-624,1861,196.06,2,1
862,Rua A Nº 519,Salvador,SP,24374-41,1862,549.65,1,2
863,Rua A Nº 918,Salvador,RS,79280-468,1863,205.91,3,3
864,Rua A Nº 249,São Gonçalo,SP,54161-628,1864,535.55,3,4
865,Rua A Nº 852,Salvador,RS,61416-620,1865,370.87,1,3
866,Avenida B Nº 334,Canoas,MG,11881-774,1866,799.94,1,3
867,Rua E Nº 463,São Paulo,RS,40511-74,1867,524.24,2,2
868,Rua A Nº 403,Salvador,RS,25662-15,1868,85.84,1,1
869,Travessa D Nº 649,Canoas,BA,69862-763,1869,87.66,1,3
870,Alameda C Nº 312,São Paulo,BA,77327-4,1870,863.31,3,3
871,Travessa D Nº 219,São Gonçalo,MG,88956-834,1871,860.7,2,1
872,Rua A Nº 79,São Paulo,RJ,22499-402,1872,259.45,1,2
873,Travessa D Nº 215,São Gonçalo,SP,73572-780,1873,809.35,1,5
874,Rua A Nº 778,Porto Alegre,SP,56650-374,1874,248.53,1,2
875,Travessa D Nº 87,Rio de Janeiro,MG,27737-479,1875,972.02,1,5
876,Travessa D Nº 799,Belo Horizonte,SP,25628-313,1876,863.21,3,3
877,Avenida B Nº 595,Caxias do Sul,BA,28453-400,1877,690.93,1,4
878,Avenida B Nº 923,São Gonçalo,RJ,41320-840,1878,160.62,1,5
879,Avenida B Nº 317,Porto Alegre,BA,29496-779,1879,108.23,1,3
880,Rua E Nº 139,Porto Alegre,RJ,25558-442,1880,76.34,2,4
881,Avenida B Nº 898,Uberlândia,BA,38907-9,1881,678.64,1,2
882,Travessa D Nº 421,Niterói,MG,24516-84,1882,216.29,1,1
883,Rua E Nº 712,Uberlândia,BA,74210-826,1883,147.76,2,4
884,Avenida B Nº 780,Niterói,RS,62689-898,1884,695.38,3,4
885,Travessa D Nº 955,Vitória da Conquista,RS,46748-833,1885,647.02,1,1
886,Travessa D Nº 293,Feira de Santana,RS,86064-357,1886,997.73,1,3
887,Avenida B Nº 101,São Gonçalo,BA,14216-709,1887,140.77,3,4
888,Rua A Nº 619,Caxias do Sul,RJ,14701-742,1888,738.25,1,5
889,Avenida B Nº 238,Canoas,RS,85254-573,1889,729.71,1,3
890,Alameda C Nº 565,Caxias do Sul,BA,84604-643,1890,335.35,2,3
891,Alameda C Nº 386,Vitória da Conquista,SP,96529-21,1891,871.16,1,3
892,Rua A Nº 82,Guarulhos,SP,20629-257,1892,59.5,2,2
893,Avenida B Nº 155,Caxias do Sul,MG,72445-461,1893,162.98,3,3
894,Rua E Nº 73,Porto Alegre,BA,22263-243,1894,334.27,1,3
895,Alameda C Nº 361,Salvador,SP,88122-844,1895,284.02,3,4
896,Rua E Nº 656,São Gonçalo,MG,78073-505,1896,147.09,1,1
897,Rua E Nº 427,Campinas,RS,23942-888,1897,481.43,2,1
898,Avenida B Nº 142,Caxias do Sul,BA,19585-598,1898,28.57,2,4
899,Rua E Nº 236,São Gonçalo,RJ,68920-609,1899,39.64,1,5
900,Avenida B Nº 340,Caxias do Sul,MG,84889-547,1900,709.59,1,5
901,Avenida B Nº 735,Uberlândia,RJ,99060-489,1901,84.6,1,2
902,Rua E Nº 399,Caxias do Sul,BA,66086-208,1902,405.06,1,5
903,Travessa D Nº 805,Belo Horizonte,RS,92441-812,1903,326.41,2,3
904,Alameda C Nº 331,Salvador,RS,22569-592,1904,776.4,2,2
905,Travessa D Nº 700,Uberlândia,SP,71504-90,1905,146.2,3,2
906,Alameda C Nº 477,Canoas,MG,86439-372,1906,703.59,1,3
907,Rua E Nº 716,Campinas,SP,65850-168,1907,740.8,3,4
908,Rua A Nº 312,Porto Alegre,RS,12320-278,1908,395.55,1,2
909,Rua E Nº 693,São Gonçalo,RJ,33680-736,1909,458.41,1,3
910,Travessa D Nº 374,Caxias do Sul,MG,13736-109,1910,603.72,1,2
911,Avenida B Nº 458,Contagem,RS,22582-91,1911,60.15,1,2
912,Travessa D Nº 769,Uberlândia,SP,81092-436,1912,528.04,1,2
913,Avenida B Nº 718,São Paulo,SP,48390-946,1913,377.83,1,2
914,Rua A Nº 142,Salvador,SP,60531-126,1914,770.9,3,4
915,Avenida B Nº 121,Feira de Santana,RS,50638-681,1915,346.57,2,4
916,Alameda C Nº 82,Vitória da Conquista,BA,70441-678,1916,230.38,1,5
917,Avenida B Nº 664,Canoas,MG,92104-253,1917,397.59,1,3
918,Rua A Nº 699,Guarulhos,SP,87104-623,1918,656.87,2,4
919,Rua A Nº 600,Canoas,SP,55497-267,1919,167.13,1,3
920,Travessa D Nº 26,Canoas,RS,83388-909,1920,169.18,1,4
921,Avenida B Nº 266,Feira de Santana,RS,64871-265,1921,82.63,1,5
922,Rua A Nº 642,Guarulhos,MG,52884-803,1922,476.2,1,3
923,Alameda C Nº 560,Canoas,RS,11009-618,1923,480.73,1,5
924,Rua E Nº 25,Belo Horizonte,RJ,71122-931,1924,559.62,3,3
925,Alameda C Nº 897,Canoas,MG,71640-753,1925,603.64,1,3
926,Avenida B Nº 782,Feira de Santana,SP,70032-867,1926,790.47,1,5
927,Rua A Nº 776,Guarulhos,BA,92962-457,1927,437.58,2,3
928,Rua E Nº 439,Caxias do Sul,RS,44546-689,1928,825.3,1,2
929,Rua E Nº 525,Porto Alegre,RS,51499-476,1929,953.26,3,2
930,Alameda C Nº 850,Canoas,RS,49568-560,1930,852.71,3,4
931,Rua E Nº 275,Campinas,SP,14479-855,1931,457.21,3,4
932,Alameda C Nº 723,Porto Alegre,RS,23935-305,1932,542.84,1,4
933,Travessa D Nº 540,Porto Alegre,MG,80878-751,1933,250.56,2,3
934,Avenida B Nº 960,Uberlândia,SP,38644-171,1934,868.86,1,2
935,Avenida B Nº 664,Vitória da Conquista,RJ,84311-117,1935,845.25,2,2
936,Avenida B Nº 779,Campinas,RJ,18550-92,1936,784.21,3,3
937,Avenida B Nº 24,Guarulhos,MG,65702-553,1937,167.17,2,3
938,Alameda C Nº 429,Canoas,RS,34693-607,1938,880.06,2,4
939,Travessa D Nº 132,Contagem,SP,36144-371,1939,195.44,3,2
940,Alameda C Nº 498,Belo Horizonte,RS,89479-104,1940,874.72,3,3
941,Travessa D Nº 203,Feira de Santana,RS,37712-785,1941,153.52,2,4
942,Alameda C Nº 155,Uberlândia,BA,58087-281,1942,414.69,3,3
943,Travessa D Nº 614,Campinas,MG,54443-517,1943,573.28,3,4
944,Rua A Nº 85,Niterói,RJ,18662-226,1944,88.78,3,3
945,Rua A Nº 115,Uberlândia,MG,28584-60,1945,211.25,2,4
946,Rua E Nº 230,Caxias do Sul,RS,12620-535,1946,188.19,1,5
947,Avenida B Nº 671,Vitória da Conquista,BA,11484-747,1947,332.39,1,3
948,Rua A Nº 358,Porto Alegre,RJ,53199-866,1948,677.56,2,3
949,Travessa D Nº 895,Vitória da Conquista,MG,81098-992,1949,88.56,2,4
950,Alameda C Nº 304,Caxias do Sul,SP,16104-748,1950,500.88,1,2
951,Rua E Nº 108,Niterói,SP,76224-411,1951,189.0,2,3
952,Rua E Nº 772,São Paulo,RS,96110-784,1952,738.11,1,3
953,Travessa D Nº 839,Feira de Santana,BA,52485-866,1953,909.97,2,3
954,Avenida B Nº 889,Belo Horizonte,SP,37918-740,1954,817.81,1,5
955,Rua E Nº 166,Niterói,MG,48861-87,1955,691.06,2,4
956,Avenida B Nº 727,Uberlândia,RS,55598-897,1956,516.41,1,4
957,Avenida B Nº 248,Salvador,MG,57380-361,1957,151.92,1,5
958,Avenida B Nº 160,Porto Alegre,BA,51006-217,1958,836.84,1,5
959,Alameda C Nº 142,Belo Horizonte,RS,30415-770,1959,446.41,2,3
960,Rua E Nº 712,Vitória da Conquista,MG,23439-260,1960,50.49,1,2
961,Avenida B Nº 8,Campinas,RS,77480-797,1961,657.87,3,3
962,Travessa D Nº 643,Uberlândia,RS,91915-396,1962,666.06,1,5
963,Rua E Nº 590,Campinas,SP,50076-879,1963,837.86,2,3
964,Alameda C Nº 978,Vitória da Conquista,SP,26430-201,1964,282.05,1,1
965,Rua A Nº 314,Feira de Santana,SP,48613-935,1965,239.36,1,3
966,Rua E Nº 277,Salvador,BA,83042-321,1966,701.0,1,2
967,Alameda C Nº 152,Salvador,SP,55207-727,1967,491.81,1,5
968,Travessa D Nº 685,Contagem,BA,76866-36,1968,517.22,1,1
969,Avenida B Nº 652,São Paulo,BA,21269-386,1969,561.25,2,4
970,Rua A Nº 100,Rio de Janeiro,SP,53393-914,1970,415.89,3,4
971,Avenida B Nº 1,Feira de Santana,RS,45680-379,1971,528.59,3,3
972,Travessa D Nº 931,Campinas,MG,76449-788,1972,708.83,1,3
973,Travessa D Nº 386,Guarulhos,SP,39215-261,1973,362.09,2,3
974,Avenida B Nº 633,Guarulhos,RJ,89361-123,1974,658.96,1,5
975,Alameda C Nº 799,Feira de Santana,BA,12181-698,1975,676.83,1,4
976,Rua E Nº 535,Uberlândia,RS,28953-772,1976,457.18,1,2
977,Rua A Nº 184,Niterói,MG,75320-719,1977,311.95,1,5
978,Alameda C Nº 174,Vitória da Conquista,MG,58752-922,1978,323.14,1,4
979,Avenida B Nº 310,Feira de Santana,RJ,73318-385,1979,735.94,1,3
980,Travessa D Nº 461,Vitória da Conquista,MG,56662-610,1980,153.33,3,3
981,Rua E Nº 173,Guarulhos,RJ,58744-523,1981,188.38,2,4
982,Rua E Nº 158,Canoas,RS,11415-803,1982,242.31,1,3
983,Travessa D Nº 978,Guarulhos,RJ,92764-725,1983,44.57,1,3
984,Travessa D Nº 796,Campinas,RS,27491-610,1984,919.79,2,3
985,Avenida B Nº 885,Porto Alegre,BA,18059-997,1985,168.24,2,4
986,Avenida B Nº 344,Rio de Janeiro,RS,94691-70,1986,655.92,2,3
987,Alameda C Nº 605,Belo Horizonte,BA,52775-959,1987,959.74,2,2
988,Avenida B Nº 47,Canoas,BA,52953-685,1988,433.03,2,3
989,Alameda C Nº 663,São Gonçalo,BA,90792-207,1989,641.14,1,4
990,Travessa D Nº 848,Salvador,RS,83183-347,1990,163.38,1,3
991,Avenida B Nº 179,Contagem,RJ,43306-359,1991,680.31,2,3
992,Avenida B Nº 150,Porto Alegre,RJ,47201-735,1992,316.11,3,4
993,Avenida B Nº 26,Contagem,RJ,68130-817,1993,609.74,1,3
994,Travessa D Nº 110,São Paulo,RJ,68897-579,1994,20.91,1,3
995,Avenida B Nº 901,São Gonçalo,RS,46409-713,1995,890.77,2,2
996,Rua A Nº 778,Vitória da Conquista,RJ,36002-813,1996,599.9,3,3
997,Avenida B Nº 177,Canoas,BA,96724-987,1997,427.42,1,4
998,Avenida B Nº 805,Vitória da Conquista,RS,69017-435,1998,691.79,1,3
999,Rua E Nº 235,Salvador,BA,88611-715,1999,370.85,3,3
1000,Travessa D Nº 860,São Paulo,RS,89290-471,2000,463.54,1,2
